{
  "framework": "art",
  "dataset": "toucan",
  "base_model": "Qwen/Qwen3-4B",
  "num_iterations": 15,
  "total_planned_iterations": 15,
  "group_size": 8,
  "tasks_per_iter": 100,
  "total_train_samples": 5000,
  "learning_rate": 1e-05,
  "concurrency": 32,
  "reward_history": [
    0.46,
    0.499375,
    0.56375,
    0.535,
    0.468125,
    0.515625,
    0.61,
    0.558125,
    0.588125,
    0.628125,
    0.51125,
    0.544375,
    0.50125,
    0.599375,
    0.63
  ],
  "full_match_history": [
    0.375,
    0.39,
    0.48375,
    0.43,
    0.38125,
    0.425,
    0.53625,
    0.44,
    0.49875,
    0.525,
    0.39,
    0.4175,
    0.38125,
    0.44875,
    0.465
  ],
  "timing_history": [
    162.64493012428284,
    145.79114413261414,
    150.44500041007996,
    170.66951537132263,
    145.11580395698547,
    137.65792560577393,
    138.40058493614197,
    126.95969748497009,
    142.02050399780273,
    135.53049874305725,
    160.89979648590088,
    131.05868768692017,
    141.93083238601685,
    132.29552626609802,
    139.005854845047
  ],
  "total_time_seconds": 2160.4319026470184,
  "total_rollouts": 12000,
  "final_mean_reward": 0.63,
  "final_full_match": 0.465
}